,1s,2s,3s,4s,5s,6s,7s,2p,3p,3d,4p,4d,4f,5p,5d,5f,6p,6d,6f,7p,Cell-identification_3T3,Cell-identification_A172,Cell-identification_A375,Cell-identification_A549,Cell-identification_AGS,Cell-identification_ARPE-19,Cell-identification_AsPC-1,Cell-identification_B-LCL,Cell-identification_B16,Cell-identification_BALB/3T3,Cell-identification_BEAS-2B,Cell-identification_BXPC-3,Cell-identification_Bacillus Subtilis,Cell-identification_Bel 7402,Cell-identification_C17-2-Neural progenitor,Cell-identification_C6 glioma,Cell-identification_CCD-18Co,Cell-identification_CHL,Cell-identification_CHO-K1,Cell-identification_COS,Cell-identification_Caco-2,Cell-identification_Cancer-Stem-Cell/FEMX-1,Cell-identification_DU-145,Cell-identification_Daudi,Cell-identification_E. Coli,Cell-identification_E. hirae,Cell-identification_EAhy926,Cell-identification_ECV304,Cell-identification_Ehrlich Ascites Carcinoma,Cell-identification_H460,Cell-identification_HCC,Cell-identification_HCT 116,Cell-identification_HCT-8 (HRT 18),Cell-identification_HEK293,Cell-identification_HELF,Cell-identification_HK-1,Cell-identification_HL-7702,Cell-identification_HPrEC,Cell-identification_HT 1080,Cell-identification_HT 144,Cell-identification_HT 29,Cell-identification_HUVEC,Cell-identification_HaCaT,Cell-identification_HeLa,Cell-identification_HepG2,Cell-identification_Hepatocyte,Cell-identification_Human-Monocytes,Cell-identification_Human-Normal-Lymphocyte,Cell-identification_IMR,Cell-identification_J774,Cell-identification_JB6,Cell-identification_Jurkat,Cell-identification_K562,Cell-identification_KATO III,Cell-identification_KB,Cell-identification_Klebsiella pneumoniae,Cell-identification_L929,Cell-identification_LLC-PK1 ,Cell-identification_LO2,Cell-identification_Listeria monocytogenes,Cell-identification_MCF-7,Cell-identification_MDA-MB-231,Cell-identification_MDCK2,Cell-identification_MG-63,Cell-identification_MGH,Cell-identification_MIA PaCa 2,Cell-identification_MKN45,Cell-identification_MRC-5,Cell-identification_Mouse-Leukocytes,Cell-identification_Mussel-Hemocytes,Cell-identification_Myoblast,Cell-identification_NG108-15,Cell-identification_NHBE,Cell-identification_NIH/3T3,Cell-identification_Osteoblast,Cell-identification_P. aeruginosa,Cell-identification_PANC-1,Cell-identification_PBMC,Cell-identification_PC12,Cell-identification_PC3,Cell-identification_PDL-hTERT,Cell-identification_Panc-28,Cell-identification_Primary-human-hepatocyte,Cell-identification_Proteus vulgaris,Cell-identification_RAW264-7,Cell-identification_Ramos.2G6.4C10,Cell-identification_S. aureus,Cell-identification_S. paratyphi,Cell-identification_SGC-7901,Cell-identification_SH-SY5Y,Cell-identification_SK-BR-3,Cell-identification_SK-LC-6,Cell-identification_SMMC-7721,Cell-identification_SPCA1,Cell-identification_Streptococcus pyogenes,Cell-identification_T-47D,Cell-identification_T-Thermophila-BF5,Cell-identification_THP-1,Cell-identification_Trout-Hepatocytes,Cell-identification_Trout-Leukocytes,Cell-identification_U251,Cell-identification_U87,Cell-identification_V. cholerae (Tolerant phenotype),Cell-identification_V. cholerae (Vulnerable phenotype),Cell-identification_Vero,Cell-identification_WIL2-NS,Cell-identification_Zebrafish-LiverCell,Cell-identification_bovine-corneal-fibroblasts,Cell-identification_hMSCs,Cell-identification_huh 7 cells
7,5.327970334876714,5.19778884837611,4.676278243525635,4.298790420175387,3.9977822509550216,0.0,0,5.488136744439395,5.059958204607698,4.997742962566684,4.696717332454706,4.696717332454706,0.0,0.0,0.0,0,0.0,0,0,0,False,False,False,False,False,False,False,False,False,False,False,False,False,False,False,False,False,False,False,False,False,False,False,False,False,False,False,False,False,False,False,False,False,False,False,False,False,False,False,False,False,False,False,False,False,False,False,False,True,False,False,False,False,False,False,False,False,False,False,False,False,False,False,False,False,False,False,False,False,False,False,False,False,False,False,False,False,False,False,False,False,False,False,False,False,False,False,False,False,False,False,False,False,False,False,False,False,False,False,False,False,False,False,False,False,False,False,False,False,False
8,6.417938966822583,6.210159475166486,5.685558187674406,5.614416414147215,5.228264559821562,0.0,0,6.479805261772373,6.1402352684382215,6.313385574258044,5.927232510108742,5.927232510108742,0.0,0.0,0.0,0,0.0,0,0,0,False,False,False,False,False,False,False,False,False,False,False,False,False,False,False,False,False,False,False,False,False,False,False,False,False,False,False,False,False,False,False,False,False,False,False,False,False,False,False,False,False,False,False,False,False,False,False,False,False,False,False,False,False,False,False,False,False,False,False,False,False,False,False,False,False,False,False,False,False,False,False,False,False,False,False,False,False,False,False,False,False,False,False,False,False,False,False,False,False,False,False,False,False,False,False,False,False,False,False,False,False,False,False,False,False,False,False,True,False,False
20,6.186125051931031,5.999069442435058,5.463920437380347,5.386311958540876,5.16289193404038,0.0,0,6.221339980555384,5.916680226219607,6.085280535419833,5.800921835161681,5.861859550655514,0.0,0.0,0.0,0,0.0,0,0,0,False,False,False,False,False,False,False,False,False,False,False,False,False,False,False,False,False,False,False,False,False,False,False,False,False,False,False,False,False,False,False,False,False,False,False,False,False,False,False,False,False,False,False,False,False,False,False,False,False,False,False,False,False,False,False,False,False,False,False,False,False,False,False,False,False,False,False,False,False,False,False,False,False,False,False,False,False,False,False,False,False,False,False,False,False,False,False,False,False,False,True,False,False,False,False,False,False,False,False,False,False,False,False,False,False,False,False,False,False,False
22,5.692537357389144,5.514752801677557,4.897148500051807,4.7824744715048855,4.3251925454966145,0.0,0,5.696181087421869,5.3393008295747295,5.481438742566961,5.024146117849943,5.024146117849943,0.0,0.0,0.0,0,0.0,0,0,0,False,False,False,False,False,False,False,False,False,False,False,False,False,False,False,False,False,False,False,False,False,False,False,False,False,False,False,False,False,False,False,False,False,False,False,False,False,False,False,False,False,False,False,False,False,False,False,False,False,False,False,True,False,False,False,False,False,False,False,False,False,False,False,False,False,False,False,False,False,False,False,False,False,False,False,False,False,False,False,False,False,False,False,False,False,False,False,False,False,False,False,False,False,False,False,False,False,False,False,False,False,False,False,False,False,False,False,False,False,False
34,5.61243735277996,5.4548400957140055,4.88763593584966,4.551993752194352,4.551993752194352,0.0,0,5.718102023236383,5.2788661051675545,5.2509540092059765,5.029106884158878,5.2509540092059765,0.0,4.551993752194352,0.0,0,0.0,0,0,0,False,False,False,False,False,False,False,False,False,False,False,False,False,False,False,False,False,False,False,False,False,True,False,False,False,False,False,False,False,False,False,False,False,False,False,False,False,False,False,False,False,False,False,False,False,False,False,False,False,False,False,False,False,False,False,False,False,False,False,False,False,False,False,False,False,False,False,False,False,False,False,False,False,False,False,False,False,False,False,False,False,False,False,False,False,False,False,False,False,False,False,False,False,False,False,False,False,False,False,False,False,False,False,False,False,False,False,False,False,False
53,5.051096851360112,4.914190462301107,4.327200684046166,3.7806800064141224,3.7806800064141224,0.0,0,5.190242298007247,4.6858989017330295,4.479592437190948,4.257753283697834,4.479592437190948,0.0,3.7806800064141224,0.0,0,0.0,0,0,0,False,False,False,False,False,False,False,False,False,False,False,False,False,False,False,False,False,False,False,False,False,False,False,False,False,False,False,False,False,False,False,False,False,False,False,False,False,False,False,False,False,False,False,False,False,False,False,False,False,False,False,False,False,False,False,False,False,False,False,False,False,False,False,True,False,False,False,False,False,False,False,False,False,False,False,False,False,False,False,False,False,False,False,False,False,False,False,False,False,False,False,False,False,False,False,False,False,False,False,False,False,False,False,False,False,False,False,False,False,False
54,5.798330329926618,5.675146277571299,4.9306773419975585,4.806727776794288,4.806727776794288,0.0,0,5.902561758084345,5.370276330511199,5.505692359258657,5.2838445132922764,5.505692359258657,0.0,4.632608127135936,0.0,0,0.0,0,0,0,False,False,False,False,False,False,False,False,False,False,False,False,False,False,False,False,False,False,False,False,False,False,False,False,False,False,False,False,False,False,False,False,False,False,False,False,False,False,False,False,False,False,False,False,False,False,False,False,False,False,False,False,False,False,False,False,False,False,False,False,False,False,False,False,False,False,False,False,False,True,False,False,False,False,False,False,False,False,False,False,False,False,False,False,False,False,False,False,False,False,False,False,False,False,False,False,False,False,False,False,False,False,False,False,False,False,False,False,False,False
55,5.798330329926618,5.675146277571299,4.9306773419975585,4.806727776794288,4.806727776794288,0.0,0,5.902561758084345,5.370276330511199,5.505692359258657,5.2838445132922764,5.505692359258657,0.0,4.632608127135936,0.0,0,0.0,0,0,0,False,False,False,False,False,False,False,False,False,False,False,False,False,False,False,False,False,False,False,False,False,False,False,False,False,False,False,False,False,False,False,False,False,False,False,False,False,False,False,False,False,False,False,False,False,False,False,False,False,False,False,False,False,False,False,False,False,False,False,False,False,False,False,False,False,False,False,False,False,False,False,False,False,False,False,False,False,False,False,False,False,False,False,False,False,False,False,False,False,False,False,False,False,False,False,False,False,False,False,True,False,False,False,False,False,False,False,False,False,False
56,5.798330329926618,5.675146277571299,4.9306773419975585,4.806727776794288,4.806727776794288,0.0,0,5.902561758084345,5.370276330511199,5.505692359258657,5.2838445132922764,5.505692359258657,0.0,4.632608127135936,0.0,0,0.0,0,0,0,False,False,False,False,False,False,False,False,False,False,False,False,False,False,False,False,False,False,False,False,False,False,False,False,False,False,False,False,False,False,False,False,False,False,False,False,False,False,False,False,False,False,False,False,False,False,False,False,False,False,False,False,False,False,False,False,False,False,False,False,False,False,False,False,False,False,False,False,True,False,False,False,False,False,False,False,False,False,False,False,False,False,False,False,False,False,False,False,False,False,False,False,False,False,False,False,False,False,False,False,False,False,False,False,False,False,False,False,False,False
57,5.798330329926618,5.675146277571299,4.9306773419975585,4.806727776794288,4.806727776794288,0.0,0,5.902561758084345,5.370276330511199,5.505692359258657,5.2838445132922764,5.505692359258657,0.0,4.632608127135936,0.0,0,0.0,0,0,0,False,False,False,False,False,False,False,False,False,False,False,False,False,False,False,False,False,False,False,False,False,False,False,False,False,False,False,False,False,False,False,False,False,False,False,False,False,False,False,False,False,False,False,False,False,False,True,False,False,False,False,False,False,False,False,False,False,False,False,False,False,False,False,False,False,False,False,False,False,False,False,False,False,False,False,False,False,False,False,False,False,False,False,False,False,False,False,False,False,False,False,False,False,False,False,False,False,False,False,False,False,False,False,False,False,False,False,False,False,False
58,5.0905273899758905,4.836592376991513,4.340423800131542,3.800568521415732,3.800568521415732,0.0,0,5.0800088979577405,4.6999572467129065,4.499483529476776,4.277643946389899,4.499483529476776,0.0,3.800568521415732,0.0,0,0.0,0,0,0,False,False,False,False,False,False,False,False,False,False,False,False,False,False,False,False,False,False,False,False,False,False,False,False,False,False,False,False,False,False,False,False,False,False,False,False,False,False,False,False,False,False,False,False,False,False,False,False,False,False,False,False,False,False,False,False,False,False,False,False,False,False,False,False,False,False,False,False,False,False,False,False,False,False,False,False,False,False,False,False,False,False,False,False,False,False,False,False,False,False,False,False,False,False,False,False,False,False,True,False,False,False,False,False,False,False,False,False,False,False
62,5.18823765925936,5.055996594955473,4.51556443110602,4.0979628844752325,3.7969675468591575,0.0,0,5.342038979913342,4.89254881995784,4.796905160381399,4.495882096990855,4.495882096990856,0.0,0.0,0.0,0,0.0,0,0,0,False,False,False,False,False,False,False,False,False,False,False,False,False,False,False,False,False,False,False,True,False,False,False,False,False,False,False,False,False,False,False,False,False,False,False,False,False,False,False,False,False,False,False,False,False,False,False,False,False,False,False,False,False,False,False,False,False,False,False,False,False,False,False,False,False,False,False,False,False,False,False,False,False,False,False,False,False,False,False,False,False,False,False,False,False,False,False,False,False,False,False,False,False,False,False,False,False,False,False,False,False,False,False,False,False,False,False,False,False,False
70,6.2612988713407445,6.139277399816242,5.801394312482904,5.6198812046571085,5.318852251076787,0.0,0,6.468657618726148,6.226013398902023,6.3188503753244,5.978761553215841,6.01782058807775,0.0,0.0,0.0,0,0.0,0,0,0,False,False,False,False,False,False,False,False,False,False,False,False,False,False,False,False,False,False,False,False,False,False,False,False,False,False,False,False,False,False,False,False,False,False,False,False,False,False,False,False,False,False,False,False,False,False,False,False,False,False,False,False,False,False,False,False,False,False,False,False,False,False,True,False,False,False,False,False,False,False,False,False,False,False,False,False,False,False,False,False,False,False,False,False,False,False,False,False,False,False,False,False,False,False,False,False,False,False,False,False,False,False,False,False,False,False,False,False,False,False
87,5.553823455473368,5.379043492628911,4.9097079422194865,4.645122460760291,4.171743683191957,0.0,0,5.650297363219315,5.315181424666884,5.344084599063192,4.870690291490246,4.870690291490246,0.0,0.0,0.0,0,0.0,0,0,0,False,False,False,False,False,False,False,False,False,False,False,False,False,False,False,False,False,False,False,False,False,False,False,False,False,False,False,False,False,False,False,False,False,False,False,False,False,False,False,False,False,False,False,False,False,False,False,False,False,False,False,False,False,False,False,False,False,False,False,False,False,False,False,False,False,False,False,False,False,False,False,False,False,False,False,False,False,False,False,False,False,False,False,False,False,False,False,False,False,False,False,False,False,False,False,False,False,True,False,False,False,False,False,False,False,False,False,False,False,False
88,5.880707414790729,5.667654106415867,4.887658153148703,4.887658153148703,4.586633782495328,0.0,0,5.835243986897654,5.364775657820819,5.586623657423781,5.285594786779406,5.285594786779406,0.0,0.0,0.0,0,0.0,0,0,0,False,False,False,False,False,False,False,False,False,False,False,False,False,False,False,False,False,False,False,False,False,False,False,False,False,False,False,False,False,False,False,False,False,False,False,False,False,False,False,False,False,False,False,False,False,False,False,False,False,False,False,False,False,False,False,False,False,False,False,False,False,False,False,False,False,False,False,False,False,False,False,False,False,False,False,False,False,False,False,False,False,False,False,False,False,False,False,False,False,False,False,False,False,False,False,False,False,False,False,False,True,False,False,False,False,False,False,False,False,False
96,5.942623651613815,5.764826371103811,5.08606229187553,4.785035858427452,4.785035858427452,0.0,0,5.944924600739766,5.484000163204,5.484000163204,5.262152363519417,5.484000163204,0.0,0.0,0.0,0,0.0,0,0,0,False,False,False,False,False,False,False,False,False,False,False,False,False,False,False,False,False,True,False,False,False,False,False,False,False,False,False,False,False,False,False,False,False,False,False,False,False,False,False,False,False,False,False,False,False,False,False,False,False,False,False,False,False,False,False,False,False,False,False,False,False,False,False,False,False,False,False,False,False,False,False,False,False,False,False,False,False,False,False,False,False,False,False,False,False,False,False,False,False,False,False,False,False,False,False,False,False,False,False,False,False,False,False,False,False,False,False,False,False,False
97,5.920453806461505,5.762532941603474,5.152968744863292,4.785035858427452,4.785035858427452,0.0,0,5.984428365307236,5.538324858695547,5.484000163204,5.262152363519417,5.484000163204,0.0,0.0,0.0,0,0.0,0,0,0,False,False,False,False,False,False,False,False,False,False,False,False,False,False,False,False,False,True,False,False,False,False,False,False,False,False,False,False,False,False,False,False,False,False,False,False,False,False,False,False,False,False,False,False,False,False,False,False,False,False,False,False,False,False,False,False,False,False,False,False,False,False,False,False,False,False,False,False,False,False,False,False,False,False,False,False,False,False,False,False,False,False,False,False,False,False,False,False,False,False,False,False,False,False,False,False,False,False,False,False,False,False,False,False,False,False,False,False,False,False
108,5.946325700941845,5.821343602077904,4.912868370517801,4.912868370517801,4.912868370517801,0.0,0,6.020105839896839,5.389986086678383,5.6118341285794635,5.389986086678383,5.6118341285794635,0.0,4.912868370517801,0.0,0,0.0,0,0,0,False,False,False,False,False,False,False,True,False,False,False,False,False,False,False,False,False,False,False,False,False,False,False,False,False,False,False,False,False,False,False,False,False,False,False,False,False,False,False,False,False,False,False,False,False,False,False,False,False,False,False,False,False,False,False,False,False,False,False,False,False,False,False,False,False,False,False,False,False,False,False,False,False,False,False,False,False,False,False,False,False,False,False,False,False,False,False,False,False,False,False,False,False,False,False,False,False,False,False,False,False,False,False,False,False,False,False,False,False,False
109,5.811691062619832,5.760491909889639,5.0103689816683765,4.912868370517801,4.912868370517801,0.0,0,5.92567631333667,5.4573553225193745,5.6118341285794635,5.389986086678383,5.6118341285794635,0.0,4.912868370517801,0.0,0,0.0,0,0,0,False,False,False,False,False,False,False,True,False,False,False,False,False,False,False,False,False,False,False,False,False,False,False,False,False,False,False,False,False,False,False,False,False,False,False,False,False,False,False,False,False,False,False,False,False,False,False,False,False,False,False,False,False,False,False,False,False,False,False,False,False,False,False,False,False,False,False,False,False,False,False,False,False,False,False,False,False,False,False,False,False,False,False,False,False,False,False,False,False,False,False,False,False,False,False,False,False,False,False,False,False,False,False,False,False,False,False,False,False,False
111,5.243487744212639,5.036696513069908,4.412653586002024,3.9670986082568764,3.9670986082568764,0.0,0,5.287174696864507,4.785268516844859,4.666031133037561,4.444188630238381,4.666031133037561,0.0,3.9670986082568764,0.0,0,0.0,0,0,0,False,False,False,False,False,False,False,False,False,False,False,False,False,False,False,False,False,False,False,False,False,False,False,False,False,False,False,False,False,True,False,False,False,False,False,False,False,False,False,False,False,False,False,False,False,False,False,False,False,False,False,False,False,False,False,False,False,False,False,False,False,False,False,False,False,False,False,False,False,False,False,False,False,False,False,False,False,False,False,False,False,False,False,False,False,False,False,False,False,False,False,False,False,False,False,False,False,False,False,False,False,False,False,False,False,False,False,False,False,False
112,5.243487744212639,5.036696513069908,4.412653586002024,3.9670986082568764,3.9670986082568764,0.0,0,5.287174696864507,4.785268516844859,4.666031133037561,4.444188630238381,4.666031133037561,0.0,3.9670986082568764,0.0,0,0.0,0,0,0,False,False,False,False,False,False,False,False,False,False,False,False,False,False,False,False,False,False,False,False,False,False,False,False,False,False,False,False,False,False,False,False,False,False,False,False,False,False,False,False,False,False,False,False,False,False,False,False,False,False,False,False,False,False,False,False,False,False,True,False,False,False,False,False,False,False,False,False,False,False,False,False,False,False,False,False,False,False,False,False,False,False,False,False,False,False,False,False,False,False,False,False,False,False,False,False,False,False,False,False,False,False,False,False,False,False,False,False,False,False
122,5.145521020659689,4.993499278143058,4.202324411623465,3.829843551346744,3.829843551346744,0.0,0,5.210839569604614,4.586861355395176,4.528762144635321,4.306921963949518,4.528762144635321,0.0,3.829843551346744,0.0,0,0.0,0,0,0,False,False,False,False,False,False,False,False,False,False,False,False,False,False,False,False,False,False,False,False,False,False,False,False,False,False,False,False,False,False,False,False,False,False,False,True,False,False,False,False,False,False,False,False,False,False,False,False,False,False,False,False,False,False,False,False,False,False,False,False,False,False,False,False,False,False,False,False,False,False,False,False,False,False,False,False,False,False,False,False,False,False,False,False,False,False,False,False,False,False,False,False,False,False,False,False,False,False,False,False,False,False,False,False,False,False,False,False,False,False
123,5.413352605359593,5.277948704429059,4.706560275391156,4.399530911390268,4.399530911390268,0.0,0,5.538289747351687,5.103300174967818,5.098487068897882,4.8766406271169185,5.098487068897882,0.0,4.167921630967416,0.0,0,0.0,0,0,0,False,False,False,False,False,False,False,False,False,False,False,False,False,False,False,False,False,False,False,False,False,False,False,False,False,False,False,False,False,False,False,False,False,False,False,True,False,False,False,False,False,False,False,False,False,False,False,False,False,False,False,False,False,False,False,False,False,False,False,False,False,False,False,False,False,False,False,False,False,False,False,False,False,False,False,False,False,False,False,False,False,False,False,False,False,False,False,False,False,False,False,False,False,False,False,False,False,False,False,False,False,False,False,False,False,False,False,False,False,False
127,5.939106036137523,5.831922452349394,5.475528614776259,5.21918799196116,4.804281349535751,0.0,0,6.166422515642393,5.88278082750056,5.91815589886776,5.50324590137176,5.50324590137176,0.0,0.0,0.0,0,0.0,0,0,0,False,False,False,False,False,False,False,False,True,False,False,False,False,False,False,False,False,False,False,False,False,False,False,False,False,False,False,False,False,False,False,False,False,False,False,False,False,False,False,False,False,False,False,False,False,False,False,False,False,False,False,False,False,False,False,False,False,False,False,False,False,False,False,False,False,False,False,False,False,False,False,False,False,False,False,False,False,False,False,False,False,False,False,False,False,False,False,False,False,False,False,False,False,False,False,False,False,False,False,False,False,False,False,False,False,False,False,False,False,False
176,5.758968569897759,5.614996735884811,4.945140703107813,4.833508759030922,4.381846065569571,0.0,0,5.842825265768808,5.388139590724103,5.532473665739546,5.080801647575079,5.080801647575079,0.0,0.0,0.0,0,0.0,0,0,0,False,False,False,False,False,False,False,False,False,False,False,False,False,False,True,False,False,False,False,False,False,False,False,False,False,False,False,False,False,False,False,False,False,False,False,False,False,False,False,False,False,False,False,False,False,False,False,False,False,False,False,False,False,False,False,False,False,False,False,False,False,False,False,False,False,False,False,False,False,False,False,False,False,False,False,False,False,False,False,False,False,False,False,False,False,False,False,False,False,False,False,False,False,False,False,False,False,False,False,False,False,False,False,False,False,False,False,False,False,False
186,5.204587759022045,4.95304163311985,4.468209529307534,3.9670986082568764,3.9670986082568764,0.0,0,5.20027843832939,4.83282652553785,4.666031133037561,4.444188630238381,4.666031133037561,0.0,3.9670986082568764,0.0,0,0.0,0,0,0,False,False,False,False,False,False,False,False,False,False,False,False,False,False,False,False,False,False,False,False,False,False,False,False,False,False,False,False,False,False,False,False,False,False,True,False,False,False,False,False,False,False,False,False,False,False,False,False,False,False,False,False,False,False,False,False,False,False,False,False,False,False,False,False,False,False,False,False,False,False,False,False,False,False,False,False,False,False,False,False,False,False,False,False,False,False,False,False,False,False,False,False,False,False,False,False,False,False,False,False,False,False,False,False,False,False,False,False,False,False
200,5.084772509701125,4.948197263227141,4.364699118463366,3.829843551346744,3.829843551346744,0.0,0,5.224969740286853,4.724866998719971,4.528762144635321,4.306921963949518,4.528762144635321,0.0,3.829843551346744,0.0,0,0.0,0,0,0,False,False,False,False,False,False,False,False,False,False,False,False,False,False,False,False,False,False,False,False,False,False,False,False,False,False,False,False,False,False,False,False,False,False,False,False,False,False,False,False,False,False,False,False,False,False,False,False,False,False,False,False,False,False,False,False,False,False,False,False,False,False,False,False,False,False,False,False,False,False,False,False,False,False,False,False,False,False,False,False,False,False,False,False,False,False,False,False,True,False,False,False,False,False,False,False,False,False,False,False,False,False,False,False,False,False,False,False,False,False
201,5.327970334876714,5.19778884837611,4.676278243525635,4.298790420175387,3.9977822509550216,0.0,0,5.488136744439395,5.059958204607698,4.997742962566684,4.696717332454706,4.696717332454706,0.0,0.0,0.0,0,0.0,0,0,0,False,False,False,False,False,False,False,False,False,False,False,False,False,False,False,False,False,False,False,False,False,False,False,False,False,False,False,False,False,False,False,False,False,False,False,False,False,False,False,False,False,False,False,False,False,False,False,False,False,False,False,False,False,False,False,False,False,False,False,False,False,False,False,False,False,False,False,False,False,False,False,False,False,False,True,False,False,False,False,False,False,False,False,False,False,False,False,False,False,False,False,False,False,False,False,False,False,False,False,False,False,False,False,False,False,False,False,False,False,False
202,5.721418526598414,5.585939013715248,5.176835380474592,4.906418655487729,4.462459450712845,0.0,0,5.892096546721859,5.581070833887705,5.605384350016991,5.161417476041357,5.161417476041357,0.0,0.0,0.0,0,0.0,0,0,0,False,False,False,False,False,False,False,False,False,False,False,False,False,False,False,False,False,False,False,False,False,False,False,False,False,False,False,False,False,False,False,False,False,False,False,False,False,False,False,False,False,False,False,False,False,False,False,False,False,False,False,False,False,False,False,False,False,False,False,False,False,False,False,False,False,False,False,False,False,False,True,False,False,False,False,False,False,False,False,False,False,False,False,False,False,False,False,False,False,False,False,False,False,False,False,False,False,False,False,False,False,False,False,False,False,False,False,False,False,False
205,5.116242256808499,4.983031621919373,4.433365748607102,3.994047797779187,3.6930618286495305,0.0,0,5.267024912336569,4.806935131693409,4.6929825776739715,4.391961388388142,4.391961388388142,0.0,0.0,0.0,0,0.0,0,0,0,False,False,False,False,False,False,False,False,False,False,False,False,False,False,False,False,False,False,False,False,False,False,False,False,False,False,False,False,False,False,False,False,False,False,False,False,False,False,False,False,False,False,False,False,False,False,False,False,False,False,False,False,False,False,False,False,False,False,False,False,False,False,False,False,False,False,False,False,False,False,False,False,False,False,False,False,False,False,False,False,False,False,False,False,False,False,False,False,False,False,False,False,False,False,False,False,True,False,False,False,False,False,False,False,False,False,False,False,False,False
206,5.210554639089909,5.092591790555011,4.667577104343418,4.288633617985096,3.7662117311312606,0.0,0,5.407242749364407,5.051004975549717,4.987585747174285,4.465122211437014,4.465122211437014,0.0,0.0,0.0,0,0.0,0,0,0,False,False,False,False,False,False,False,False,False,False,False,False,False,False,False,False,False,False,False,False,False,False,False,False,False,False,False,False,False,False,False,False,False,False,False,False,False,False,False,False,False,False,False,False,False,False,False,False,False,False,False,False,False,False,False,False,False,False,False,False,False,False,False,False,False,False,False,False,False,False,False,False,False,False,False,False,False,False,False,False,False,False,False,False,False,False,False,False,False,False,False,False,False,False,False,False,True,False,False,False,False,False,False,False,False,False,False,False,False,False
218,5.068141082631344,4.9136742437090035,3.693920385612608,3.693920385612608,3.3929782557738126,0.0,0,5.103360098922946,4.170983053237878,4.392820084486876,4.091807666255363,4.091807666255363,0.0,0.0,0.0,0,0.0,0,0,0,False,False,False,False,False,False,False,False,False,False,False,False,False,False,False,False,False,False,False,False,False,False,False,False,False,False,False,False,False,False,False,False,False,False,False,False,False,False,False,False,False,False,False,False,False,False,False,False,False,False,True,False,False,False,False,False,False,False,False,False,False,False,False,False,False,False,False,False,False,False,False,False,False,False,False,False,False,False,False,False,False,False,False,False,False,False,False,False,False,False,False,False,False,False,False,False,False,False,False,False,False,False,False,False,False,False,False,False,False,False
221,5.8089621328626135,5.675211611483957,5.2760705108888875,5.019379361542031,4.586633782495328,0.0,0,5.984464423003452,5.683246029282115,5.718346043136225,5.285594786779406,5.285594786779406,0.0,0.0,0.0,0,0.0,0,0,0,False,False,False,False,False,False,False,False,False,False,False,False,False,False,False,False,False,False,False,False,False,False,False,False,False,False,False,False,False,False,False,False,False,False,False,False,False,False,False,False,False,False,False,False,False,False,False,False,False,False,False,False,False,False,False,False,False,False,False,False,False,False,False,False,False,False,False,False,False,False,False,False,False,False,False,False,False,False,False,False,False,False,False,False,False,False,False,False,False,False,False,False,False,False,False,False,False,False,False,False,False,True,False,False,False,False,False,False,False,False
222,5.8089621328626135,5.675211611483957,5.2760705108888875,5.019379361542031,4.586633782495328,0.0,0,5.984464423003452,5.683246029282115,5.718346043136225,5.285594786779406,5.285594786779406,0.0,0.0,0.0,0,0.0,0,0,0,False,False,False,False,False,False,False,False,False,False,False,False,False,False,False,False,False,False,False,False,False,False,False,False,False,False,False,False,False,False,False,False,False,False,False,False,False,False,False,False,False,False,False,False,False,False,False,False,False,False,False,False,False,False,False,False,False,False,False,False,False,False,False,False,False,False,False,False,False,False,False,False,False,False,False,False,False,False,False,False,False,False,False,False,False,False,False,False,False,False,False,False,False,False,False,False,False,False,False,False,False,False,False,False,False,False,False,False,True,False
223,8.73103396194212,8.73103396194212,8.43000396708491,8.174296951501328,0.0,0.0,0,9.128973970130096,8.907125220728878,9.128973970130096,0.0,0.0,0.0,0.0,0.0,0,0.0,0,0,0,False,True,False,False,False,False,False,False,False,False,False,False,False,False,False,False,False,False,False,False,False,False,False,False,False,False,False,False,False,False,False,False,False,False,False,False,False,False,False,False,False,False,False,False,False,False,False,False,False,False,False,False,False,False,False,False,False,False,False,False,False,False,False,False,False,False,False,False,False,False,False,False,False,False,False,False,False,False,False,False,False,False,False,False,False,False,False,False,False,False,False,False,False,False,False,False,False,False,False,False,False,False,False,False,False,False,False,False,False,False
256,7.27291189565314,7.27291189565314,6.913101421736497,6.913101421736497,5.426304336957509,5.125275968636755,0,7.659715075137901,7.390222641089696,7.39955985703589,5.9034245067782996,6.125273039414556,6.27140098210129,5.9034245067782996,6.125273039414556,0,0.0,0,0,0,False,False,False,False,True,False,False,False,False,False,False,False,False,False,False,False,False,False,False,False,False,False,False,False,False,False,False,False,False,False,False,False,False,False,False,False,False,False,False,False,False,False,False,False,False,False,False,False,False,False,False,False,False,False,False,False,False,False,False,False,False,False,False,False,False,False,False,False,False,False,False,False,False,False,False,False,False,False,False,False,False,False,False,False,False,False,False,False,False,False,False,False,False,False,False,False,False,False,False,False,False,False,False,False,False,False,False,False,False,False
257,8.656793617566754,8.656793617566754,8.181270985505765,8.181270985505765,5.9225248314301115,5.621495354875922,0,9.024999137296621,8.658392238318113,8.190741072784695,6.399645740076235,6.621494420477851,6.7676224264926255,6.399645740076235,6.575736941452966,0,0.0,0,0,0,False,False,False,False,False,True,False,False,False,False,False,False,False,False,False,False,False,False,False,False,False,False,False,False,False,False,False,False,False,False,False,False,False,False,False,False,False,False,False,False,False,False,False,False,False,False,False,False,False,False,False,False,False,False,False,False,False,False,False,False,False,False,False,False,False,False,False,False,False,False,False,False,False,False,False,False,False,False,False,False,False,False,False,False,False,False,False,False,False,False,False,False,False,False,False,False,False,False,False,False,False,False,False,False,False,False,False,False,False,False
258,8.545524614646066,8.545524614646066,8.076787707274477,8.076787707274477,0.0,0.0,0,8.914709118555331,8.553908959568059,8.112634439952311,0.0,0.0,0.0,0.0,0.0,0,0.0,0,0,0,False,False,False,False,False,True,False,False,False,False,False,False,False,False,False,False,False,False,False,False,False,False,False,False,False,False,False,False,False,False,False,False,False,False,False,False,False,False,False,False,False,False,False,False,False,False,False,False,False,False,False,False,False,False,False,False,False,False,False,False,False,False,False,False,False,False,False,False,False,False,False,False,False,False,False,False,False,False,False,False,False,False,False,False,False,False,False,False,False,False,False,False,False,False,False,False,False,False,False,False,False,False,False,False,False,False,False,False,False,False
259,8.73103396194212,8.73103396194212,8.43000396708491,8.174296951501328,0.0,0.0,0,9.128973970130096,8.907125220728878,9.128973970130096,0.0,0.0,0.0,0.0,0.0,0,0.0,0,0,0,False,False,False,False,False,False,True,False,False,False,False,False,False,False,False,False,False,False,False,False,False,False,False,False,False,False,False,False,False,False,False,False,False,False,False,False,False,False,False,False,False,False,False,False,False,False,False,False,False,False,False,False,False,False,False,False,False,False,False,False,False,False,False,False,False,False,False,False,False,False,False,False,False,False,False,False,False,False,False,False,False,False,False,False,False,False,False,False,False,False,False,False,False,False,False,False,False,False,False,False,False,False,False,False,False,False,False,False,False,False
260,7.27291189565314,7.27291189565314,6.913101421736497,6.913101421736497,5.426304336957509,5.125275968636755,0,7.659715075137901,7.390222641089696,7.39955985703589,5.9034245067782996,6.125273039414556,6.27140098210129,5.9034245067782996,6.125273039414556,0,0.0,0,0,0,False,False,False,False,False,False,True,False,False,False,False,False,False,False,False,False,False,False,False,False,False,False,False,False,False,False,False,False,False,False,False,False,False,False,False,False,False,False,False,False,False,False,False,False,False,False,False,False,False,False,False,False,False,False,False,False,False,False,False,False,False,False,False,False,False,False,False,False,False,False,False,False,False,False,False,False,False,False,False,False,False,False,False,False,False,False,False,False,False,False,False,False,False,False,False,False,False,False,False,False,False,False,False,False,False,False,False,False,False,False
261,5.810809987487985,5.810809987487985,5.5182889266044794,5.5182889266044794,0.0,0.0,0,6.210464637334507,5.9954093035059755,6.210464637334507,0.0,0.0,0.0,0.0,0.0,0,0.0,0,0,0,False,False,False,False,False,False,False,False,False,False,False,False,False,False,False,False,False,False,False,False,False,False,False,False,False,False,False,False,False,False,False,False,False,False,False,False,False,False,False,False,False,False,False,False,False,False,False,True,False,False,False,False,False,False,False,False,False,False,False,False,False,False,False,False,False,False,False,False,False,False,False,False,False,False,False,False,False,False,False,False,False,False,False,False,False,False,False,False,False,False,False,False,False,False,False,False,False,False,False,False,False,False,False,False,False,False,False,False,False,False
262,5.8114600136987,5.8114600136987,5.5165642689882475,5.5165642689882475,0.0,0.0,0,6.210633288884395,5.993684642396842,6.210633288884395,0.0,0.0,0.0,0.0,0.0,0,0.0,0,0,0,False,False,False,False,False,False,False,False,False,False,False,False,False,False,False,False,False,False,False,False,False,False,False,False,False,False,False,False,False,False,False,False,False,False,False,False,False,False,False,False,False,False,False,False,False,False,False,True,False,False,False,False,False,False,False,False,False,False,False,False,False,False,False,False,False,False,False,False,False,False,False,False,False,False,False,False,False,False,False,False,False,False,False,False,False,False,False,False,False,False,False,False,False,False,False,False,False,False,False,False,False,False,False,False,False,False,False,False,False,False
289,8.73103396194212,8.73103396194212,8.43000396708491,8.174296951501328,0.0,0.0,0,9.128973970130096,8.907125220728878,9.128973970130096,0.0,0.0,0.0,0.0,0.0,0,0.0,0,0,0,False,False,False,False,False,False,False,False,False,False,False,False,False,True,False,False,False,False,False,False,False,False,False,False,False,False,False,False,False,False,False,False,False,False,False,False,False,False,False,False,False,False,False,False,False,False,False,False,False,False,False,False,False,False,False,False,False,False,False,False,False,False,False,False,False,False,False,False,False,False,False,False,False,False,False,False,False,False,False,False,False,False,False,False,False,False,False,False,False,False,False,False,False,False,False,False,False,False,False,False,False,False,False,False,False,False,False,False,False,False
290,4.537226540533553,4.537226540533553,4.236209150119707,3.980522346303189,0.0,0.0,0,4.935158985879891,4.713313597757884,4.935158985879891,0.0,0.0,0.0,0.0,0.0,0,0.0,0,0,0,False,False,False,False,False,False,False,False,False,False,False,False,False,True,False,False,False,False,False,False,False,False,False,False,False,False,False,False,False,False,False,False,False,False,False,False,False,False,False,False,False,False,False,False,False,False,False,False,False,False,False,False,False,False,False,False,False,False,False,False,False,False,False,False,False,False,False,False,False,False,False,False,False,False,False,False,False,False,False,False,False,False,False,False,False,False,False,False,False,False,False,False,False,False,False,False,False,False,False,False,False,False,False,False,False,False,False,False,False,False
291,8.73103396194212,8.73103396194212,8.43000396708491,8.174296951501328,0.0,0.0,0,9.128973970130096,8.907125220728878,9.128973970130096,0.0,0.0,0.0,0.0,0.0,0,0.0,0,0,0,False,False,False,False,False,False,False,False,False,False,False,True,False,False,False,False,False,False,False,False,False,False,False,False,False,False,False,False,False,False,False,False,False,False,False,False,False,False,False,False,False,False,False,False,False,False,False,False,False,False,False,False,False,False,False,False,False,False,False,False,False,False,False,False,False,False,False,False,False,False,False,False,False,False,False,False,False,False,False,False,False,False,False,False,False,False,False,False,False,False,False,False,False,False,False,False,False,False,False,False,False,False,False,False,False,False,False,False,False,False
292,8.73103396194212,8.73103396194212,8.43000396708491,8.174296951501328,0.0,0.0,0,9.128973970130096,8.907125220728878,9.128973970130096,0.0,0.0,0.0,0.0,0.0,0,0.0,0,0,0,False,False,False,False,False,False,False,False,False,False,False,False,False,False,False,True,False,False,False,False,False,False,False,False,False,False,False,False,False,False,False,False,False,False,False,False,False,False,False,False,False,False,False,False,False,False,False,False,False,False,False,False,False,False,False,False,False,False,False,False,False,False,False,False,False,False,False,False,False,False,False,False,False,False,False,False,False,False,False,False,False,False,False,False,False,False,False,False,False,False,False,False,False,False,False,False,False,False,False,False,False,False,False,False,False,False,False,False,False,False
293,6.096574391579355,6.096574391579355,5.8289872934084475,5.587986099845449,0.0,0.0,0,6.501411904049924,6.30610811888239,6.501411904049924,0.0,0.0,0.0,0.0,0.0,0,0.0,0,0,0,False,False,False,False,False,False,False,False,False,False,False,False,False,False,False,True,False,False,False,False,False,False,False,False,False,False,False,False,False,False,False,False,False,False,False,False,False,False,False,False,False,False,False,False,False,False,False,False,False,False,False,False,False,False,False,False,False,False,False,False,False,False,False,False,False,False,False,False,False,False,False,False,False,False,False,False,False,False,False,False,False,False,False,False,False,False,False,False,False,False,False,False,False,False,False,False,False,False,False,False,False,False,False,False,False,False,False,False,False,False
297,7.905259273200156,7.905259273200156,7.616914633543994,6.377135738433718,6.377135738433718,6.076105925011741,0,8.305766164258456,6.854256871658669,7.076105596976079,6.854256871658669,7.076105596976079,7.222233622240482,6.854256871658669,7.030348110465228,0,0.0,0,0,0,False,False,False,False,False,False,False,False,False,False,False,False,False,False,False,False,True,False,False,False,False,False,False,False,False,False,False,False,False,False,False,False,False,False,False,False,False,False,False,False,False,False,False,False,False,False,False,False,False,False,False,False,False,False,False,False,False,False,False,False,False,False,False,False,False,False,False,False,False,False,False,False,False,False,False,False,False,False,False,False,False,False,False,False,False,False,False,False,False,False,False,False,False,False,False,False,False,False,False,False,False,False,False,False,False,False,False,False,False,False
332,5.810809987487985,5.810809987487985,5.5182889266044794,5.5182889266044794,0.0,0.0,0,6.210464637334507,5.9954093035059755,6.210464637334507,0.0,0.0,0.0,0.0,0.0,0,0.0,0,0,0,False,False,False,False,False,False,False,False,False,False,False,False,False,False,False,False,False,False,False,False,False,False,False,True,False,False,False,False,False,False,False,False,False,False,False,False,False,False,False,False,False,False,False,False,False,False,False,False,False,False,False,False,False,False,False,False,False,False,False,False,False,False,False,False,False,False,False,False,False,False,False,False,False,False,False,False,False,False,False,False,False,False,False,False,False,False,False,False,False,False,False,False,False,False,False,False,False,False,False,False,False,False,False,False,False,False,False,False,False,False
333,5.8114600136987,5.8114600136987,5.5165642689882475,5.5165642689882475,0.0,0.0,0,6.210633288884395,5.993684642396842,6.210633288884395,0.0,0.0,0.0,0.0,0.0,0,0.0,0,0,0,False,False,False,False,False,False,False,False,False,False,False,False,False,False,False,False,False,False,False,False,False,False,False,True,False,False,False,False,False,False,False,False,False,False,False,False,False,False,False,False,False,False,False,False,False,False,False,False,False,False,False,False,False,False,False,False,False,False,False,False,False,False,False,False,False,False,False,False,False,False,False,False,False,False,False,False,False,False,False,False,False,False,False,False,False,False,False,False,False,False,False,False,False,False,False,False,False,False,False,False,False,False,False,False,False,False,False,False,False,False
334,8.825942503842112,8.825942503842112,8.825942503842112,8.825942503842112,8.701003767449945,8.223882514459346,0,9.303063758129511,9.303063758129511,9.524912507659414,9.303063758129511,9.524912507659414,9.370010547729247,9.002033762681663,9.223882512125112,0,0.0,0,0,0,False,False,False,False,False,False,False,False,False,False,False,False,False,False,False,False,False,False,False,False,False,False,True,False,False,False,False,False,False,False,False,False,False,False,False,False,False,False,False,False,False,False,False,False,False,False,False,False,False,False,False,False,False,False,False,False,False,False,False,False,False,False,False,False,False,False,False,False,False,False,False,False,False,False,False,False,False,False,False,False,False,False,False,False,False,False,False,False,False,False,False,False,False,False,False,False,False,False,False,False,False,False,False,False,False,False,False,False,False,False
370,6.438875895466382,6.438875895466382,6.042888438516635,5.745093313707695,3.9165795137259494,3.9165795137259494,0,6.819413041048948,6.520009430932399,6.444062693185768,4.393665682670021,4.615507414791106,4.46060996606534,4.393665682670021,3.615602141411222,0,0.0,0,0,0,False,False,False,False,False,False,False,False,False,False,False,False,False,False,False,False,False,False,False,False,False,False,False,False,False,False,False,False,True,False,False,False,False,False,False,False,False,False,False,False,False,False,False,False,False,False,False,False,False,False,False,False,False,False,False,False,False,False,False,False,False,False,False,False,False,False,False,False,False,False,False,False,False,False,False,False,False,False,False,False,False,False,False,False,False,False,False,False,False,False,False,False,False,False,False,False,False,False,False,False,False,False,False,False,False,False,False,False,False,False
385,7.27291189565314,7.27291189565314,6.913101421736497,6.913101421736497,5.426304336957509,5.125275968636755,0,7.659715075137901,7.390222641089696,7.39955985703589,5.9034245067782996,6.125273039414556,6.27140098210129,5.9034245067782996,6.125273039414556,0,0.0,0,0,0,False,False,False,False,False,False,False,False,False,False,False,False,False,False,False,False,False,False,False,False,False,False,False,False,False,False,False,False,False,False,False,False,True,False,False,False,False,False,False,False,False,False,False,False,False,False,False,False,False,False,False,False,False,False,False,False,False,False,False,False,False,False,False,False,False,False,False,False,False,False,False,False,False,False,False,False,False,False,False,False,False,False,False,False,False,False,False,False,False,False,False,False,False,False,False,False,False,False,False,False,False,False,False,False,False,False,False,False,False,False
425,5.682747551053622,5.682747551053622,5.34028539233527,5.118512321898461,5.118512321898461,5.118512321898461,0,6.072710584914924,5.6413701650702315,5.817479681614353,5.5956313727691365,5.817479681614353,5.963607528390537,5.5956313727691365,5.118512321898461,0,0.0,0,0,0,False,False,False,False,False,False,False,False,False,False,False,False,False,False,False,False,False,False,False,False,False,False,False,False,False,False,False,False,False,False,False,False,False,False,False,False,False,True,False,False,False,False,False,False,False,False,False,False,False,False,False,False,False,False,False,False,False,False,False,False,False,False,False,False,False,False,False,False,False,False,False,False,False,False,False,False,False,False,False,False,False,False,False,False,False,False,False,False,False,False,False,False,False,False,False,False,False,False,False,False,False,False,False,False,False,False,False,False,False,False
427,4.537226540533553,4.537226540533553,4.236209150119707,3.980522346303189,0.0,0.0,0,4.935158985879891,4.713313597757884,4.935158985879891,0.0,0.0,0.0,0.0,0.0,0,0.0,0,0,0,False,False,False,False,False,False,False,False,False,False,False,False,False,False,False,False,False,False,False,False,False,False,False,False,False,False,False,False,False,False,False,False,False,False,False,False,False,False,True,False,False,False,False,False,False,False,False,False,False,False,False,False,False,False,False,False,False,False,False,False,False,False,False,False,False,False,False,False,False,False,False,False,False,False,False,False,False,False,False,False,False,False,False,False,False,False,False,False,False,False,False,False,False,False,False,False,False,False,False,False,False,False,False,False,False,False,False,False,False,False
446,7.27291189565314,7.27291189565314,6.913101421736497,6.913101421736497,5.426304336957509,5.125275968636755,0,7.659715075137901,7.390222641089696,7.39955985703589,5.9034245067782996,6.125273039414556,6.27140098210129,5.9034245067782996,6.125273039414556,0,0.0,0,0,0,False,False,False,False,False,False,False,False,False,False,False,False,False,False,False,False,False,False,False,False,False,False,False,False,False,False,False,False,False,False,False,False,False,False,False,False,False,False,False,False,False,False,False,False,False,False,False,False,False,False,False,False,False,True,False,False,False,False,False,False,False,False,False,False,False,False,False,False,False,False,False,False,False,False,False,False,False,False,False,False,False,False,False,False,False,False,False,False,False,False,False,False,False,False,False,False,False,False,False,False,False,False,False,False,False,False,False,False,False,False
447,7.909758105258466,7.909758105258466,7.909758105258466,7.909758105258466,7.687909359209651,6.909758153393543,0,8.386879356414152,8.386879356414152,8.608728105317711,8.386879356414152,8.608728105317711,8.055886139430669,7.687909359227471,7.90975810527985,0,0.0,0,0,0,False,False,False,False,False,False,False,False,False,False,False,False,False,False,False,False,False,False,False,False,False,False,False,False,False,False,False,False,False,False,False,False,False,False,False,False,False,False,False,False,False,False,False,False,False,False,False,False,False,False,False,False,False,False,False,True,False,False,False,False,False,False,False,False,False,False,False,False,False,False,False,False,False,False,False,False,False,False,False,False,False,False,False,False,False,False,False,False,False,False,False,False,False,False,False,False,False,False,False,False,False,False,False,False,False,False,False,False,False,False
448,4.537226540533553,4.537226540533553,4.236209150119707,3.980522346303189,0.0,0.0,0,4.935158985879891,4.713313597757884,4.935158985879891,0.0,0.0,0.0,0.0,0.0,0,0.0,0,0,0,False,False,False,False,False,False,False,False,False,False,False,False,False,False,False,False,False,False,False,False,False,False,False,False,False,False,False,False,False,False,False,False,False,False,False,False,True,False,False,False,False,False,False,False,False,False,False,False,False,False,False,False,False,False,False,False,False,False,False,False,False,False,False,False,False,False,False,False,False,False,False,False,False,False,False,False,False,False,False,False,False,False,False,False,False,False,False,False,False,False,False,False,False,False,False,False,False,False,False,False,False,False,False,False,False,False,False,False,False,False
451,7.909758105258466,7.909758105258466,7.909758105258466,7.909758105258466,7.687909359209651,6.909758153393543,0,8.386879356414152,8.386879356414152,8.608728105317711,8.386879356414152,8.608728105317711,8.055886139430669,7.687909359227471,7.90975810527985,0,0.0,0,0,0,False,False,False,False,False,False,False,False,False,False,False,False,False,False,False,False,False,False,False,False,False,False,False,False,False,False,False,False,False,False,False,False,False,False,False,False,False,False,False,False,False,False,False,False,False,False,False,False,False,False,False,False,False,False,False,False,False,False,False,True,False,False,False,False,False,False,False,False,False,False,False,False,False,False,False,False,False,False,False,False,False,False,False,False,False,False,False,False,False,False,False,False,False,False,False,False,False,False,False,False,False,False,False,False,False,False,False,False,False,False
474,8.73103396194212,8.73103396194212,8.43000396708491,8.174296951501328,0.0,0.0,0,9.128973970130096,8.907125220728878,9.128973970130096,0.0,0.0,0.0,0.0,0.0,0,0.0,0,0,0,False,False,False,False,False,False,False,False,False,False,False,False,False,False,False,False,False,False,False,False,False,False,False,False,False,False,False,False,False,False,False,False,False,False,False,False,False,False,False,False,False,False,False,False,False,False,False,False,False,False,False,False,False,False,False,False,False,False,False,False,False,False,False,False,False,True,False,False,False,False,False,False,False,False,False,False,False,False,False,False,False,False,False,False,False,False,False,False,False,False,False,False,False,False,False,False,False,False,False,False,False,False,False,False,False,False,False,False,False,False
475,7.27291189565314,7.27291189565314,6.913101421736497,6.913101421736497,5.426304336957509,5.125275968636755,0,7.659715075137901,7.390222641089696,7.39955985703589,5.9034245067782996,6.125273039414556,6.27140098210129,5.9034245067782996,6.125273039414556,0,0.0,0,0,0,False,False,False,False,False,False,False,False,False,False,False,False,False,False,False,False,False,False,False,False,False,False,False,False,False,False,False,False,False,False,False,False,False,False,False,False,False,False,False,False,False,False,False,False,False,False,False,False,False,False,False,False,False,False,False,False,False,False,False,False,False,False,False,False,False,True,False,False,False,False,False,False,False,False,False,False,False,False,False,False,False,False,False,False,False,False,False,False,False,False,False,False,False,False,False,False,False,False,False,False,False,False,False,False,False,False,False,False,False,False
476,7.27291189565314,7.27291189565314,6.913101421736497,6.913101421736497,5.426304336957509,5.125275968636755,0,7.659715075137901,7.390222641089696,7.39955985703589,5.9034245067782996,6.125273039414556,6.27140098210129,5.9034245067782996,6.125273039414556,0,0.0,0,0,0,False,False,False,False,False,False,False,False,False,False,False,False,False,False,False,False,False,False,False,False,False,False,False,False,False,False,False,False,False,False,False,False,False,False,False,False,False,False,False,False,False,False,False,False,False,False,False,False,False,False,False,False,False,False,False,False,False,False,False,False,False,False,False,False,False,False,True,False,False,False,False,False,False,False,False,False,False,False,False,False,False,False,False,False,False,False,False,False,False,False,False,False,False,False,False,False,False,False,False,False,False,False,False,False,False,False,False,False,False,False
477,7.905259273200156,7.905259273200156,7.616914633543994,6.377135738433718,6.377135738433718,6.076105925011741,0,8.305766164258456,6.854256871658669,7.076105596976079,6.854256871658669,7.076105596976079,7.222233622240482,6.854256871658669,7.030348110465228,0,0.0,0,0,0,False,False,False,False,False,False,False,False,False,False,False,False,False,False,False,False,False,False,False,False,False,False,False,False,False,False,False,False,False,False,False,False,False,False,False,False,False,False,False,False,False,False,False,False,False,False,False,False,False,False,False,False,False,False,False,False,False,False,False,False,False,False,False,False,False,False,False,True,False,False,False,False,False,False,False,False,False,False,False,False,False,False,False,False,False,False,False,False,False,False,False,False,False,False,False,False,False,False,False,False,False,False,False,False,False,False,False,False,False,False
485,8.73103396194212,8.73103396194212,8.43000396708491,8.174296951501328,0.0,0.0,0,9.128973970130096,8.907125220728878,9.128973970130096,0.0,0.0,0.0,0.0,0.0,0,0.0,0,0,0,False,False,False,False,False,False,False,False,False,False,False,False,False,False,False,False,False,False,False,False,False,False,False,False,False,False,False,False,False,False,False,False,False,False,False,False,False,False,False,False,False,False,False,False,False,False,False,False,False,False,False,False,False,False,False,False,False,False,False,False,False,False,False,False,False,False,False,False,False,False,False,False,False,False,False,False,False,False,False,False,False,True,False,False,False,False,False,False,False,False,False,False,False,False,False,False,False,False,False,False,False,False,False,False,False,False,False,False,False,False
486,4.537226540533553,4.537226540533553,4.236209150119707,3.980522346303189,0.0,0.0,0,4.935158985879891,4.713313597757884,4.935158985879891,0.0,0.0,0.0,0.0,0.0,0,0.0,0,0,0,False,False,False,False,False,False,False,False,False,False,False,False,False,False,False,False,False,False,False,False,False,False,False,False,False,False,False,False,False,False,False,False,False,False,False,False,False,False,False,False,False,False,False,False,False,False,False,False,False,False,False,False,False,False,False,False,False,False,False,False,False,False,False,False,False,False,False,False,False,False,False,False,False,False,False,False,False,False,False,False,False,True,False,False,False,False,False,False,False,False,False,False,False,False,False,False,False,False,False,False,False,False,False,False,False,False,False,False,False,False
489,7.897748566554191,7.897748566554191,7.623169067908966,7.623169067908966,7.623169067908966,6.394660553729137,0,8.301109117827052,8.100290315733792,8.32213906397118,8.100290315733792,8.32213906397118,7.540788426875271,7.172811658250639,7.394660396198022,0,0.0,0,0,0,False,False,False,False,False,False,False,False,False,False,False,False,False,False,False,False,False,False,False,False,False,False,False,False,False,False,False,False,False,False,False,False,False,False,False,False,False,False,False,False,False,False,False,False,False,False,False,False,False,False,False,False,False,False,False,False,False,False,False,False,False,False,False,False,False,False,False,False,False,False,False,False,False,False,False,False,False,True,False,False,False,False,False,False,False,False,False,False,False,False,False,False,False,False,False,False,False,False,False,False,False,False,False,False,False,False,False,False,False,False
493,11.55350477864832,11.55350477864832,11.277553850927784,11.277553850927784,0.0,0.0,0,11.956577798727658,11.75467510564592,11.703793870601958,0.0,0.0,0.0,0.0,0.0,0,0.0,0,0,0,False,False,False,False,False,False,False,False,False,False,False,False,False,False,False,False,False,False,False,False,False,False,False,False,False,False,False,False,False,False,False,False,False,False,False,False,False,False,False,False,False,False,False,False,False,False,False,False,False,False,False,False,False,False,False,False,False,False,False,False,False,False,False,False,False,False,False,False,False,False,False,False,False,False,False,False,False,False,False,False,True,False,False,False,False,False,False,False,False,False,False,False,False,False,False,False,False,False,False,False,False,False,False,False,False,False,False,False,False,False
494,7.909758105258466,7.909758105258466,7.909758105258466,7.909758105258466,7.687909359209651,6.909758153393543,0,8.386879356414152,8.386879356414152,8.608728105317711,8.386879356414152,8.608728105317711,8.055886139430669,7.687909359227471,7.90975810527985,0,0.0,0,0,0,False,False,False,False,False,False,False,False,False,False,False,False,False,False,False,False,False,False,False,False,False,False,False,False,False,False,False,False,False,False,False,False,False,False,False,False,False,False,False,False,False,False,False,False,False,False,False,False,False,False,False,False,False,False,False,False,False,False,False,False,False,False,False,False,False,False,False,False,False,False,False,False,False,False,False,False,False,False,False,False,False,False,False,True,False,False,False,False,False,False,False,False,False,False,False,False,False,False,False,False,False,False,False,False,False,False,False,False,False,False
496,7.27291189565314,7.27291189565314,6.913101421736497,6.913101421736497,5.426304336957509,5.125275968636755,0,7.659715075137901,7.390222641089696,7.39955985703589,5.9034245067782996,6.125273039414556,6.27140098210129,5.9034245067782996,6.125273039414556,0,0.0,0,0,0,False,False,False,False,False,False,False,False,False,False,False,False,False,False,False,False,False,False,False,False,False,False,False,False,False,False,False,False,False,False,False,False,False,False,False,False,False,False,False,False,False,False,False,False,False,False,False,False,False,False,False,False,False,False,False,False,False,False,False,False,False,False,False,False,False,False,False,False,False,False,False,False,False,False,False,False,False,False,False,False,False,False,False,False,False,True,False,False,False,False,False,False,False,False,False,False,False,False,False,False,False,False,False,False,False,False,False,False,False,False
529,6.015466138837953,6.015466138837953,5.716809955931706,5.716809955931706,3.7543157341109294,3.7543157341109294,0,6.41388161428593,6.193930654896374,6.415779293361647,4.231386008481142,4.4532245613094394,4.298329156429217,4.231386008481142,3.4533621977521114,0,0.0,0,0,0,False,False,False,False,False,False,False,False,False,False,False,False,False,False,False,False,False,False,False,False,False,False,False,False,False,False,False,False,False,False,False,False,False,False,False,False,False,False,False,False,False,False,False,False,False,False,False,False,False,False,False,False,False,False,False,False,False,False,False,False,False,False,False,False,False,False,False,False,False,False,False,False,False,False,False,False,False,False,False,False,False,False,False,False,False,False,False,False,False,False,False,True,False,False,False,False,False,False,False,False,False,False,False,False,False,False,False,False,False,False
530,7.909758105258466,7.909758105258466,7.909758105258466,7.909758105258466,7.687909359209651,6.909758153393543,0,8.386879356414152,8.386879356414152,8.608728105317711,8.386879356414152,8.608728105317711,8.055886139430669,7.687909359227471,7.90975810527985,0,0.0,0,0,0,False,False,False,False,False,False,False,False,False,False,False,False,False,False,False,False,False,False,False,False,False,False,False,False,False,False,False,False,False,False,False,False,False,False,False,False,False,False,False,False,False,False,False,False,False,False,False,False,False,False,False,False,False,False,False,False,False,False,False,False,False,False,False,False,False,False,False,False,False,False,False,False,False,False,False,False,False,False,False,False,False,False,False,False,False,False,False,False,False,False,False,False,False,False,True,False,False,False,False,False,False,False,False,False,False,False,False,False,False,False
531,8.580215022149236,8.580215022149236,8.212238238376969,8.212238238376969,6.9112082933303665,6.9112082933303665,0,8.96556590284164,8.689359491320584,8.723006591812801,7.3883295125290624,7.610178255041225,7.756306287674809,7.3883295125290624,7.610178255041225,0,7.087299534625565,0,0,0,False,False,False,False,False,False,False,False,False,False,False,False,False,False,False,False,False,False,False,False,False,False,False,False,False,False,False,False,False,False,False,False,False,False,False,False,False,False,False,False,False,False,False,False,False,False,False,False,False,False,False,False,False,False,False,False,False,False,False,False,False,False,False,False,False,False,False,False,False,False,False,False,False,False,False,False,False,False,False,False,False,False,False,False,False,False,False,False,False,False,False,False,False,False,False,True,False,False,False,False,False,False,False,False,False,False,False,False,False,False
532,8.406062769337973,8.406062769337973,8.038085986316698,8.038085986316698,0.0,0.0,0,8.791413649699056,8.515207238384155,8.538688334163883,0.0,0.0,0.0,0.0,0.0,0,0.0,0,0,0,False,False,False,False,False,False,False,False,False,False,False,False,False,False,False,False,False,False,False,False,False,False,False,False,False,False,False,False,False,False,False,False,False,False,False,False,False,False,False,False,False,False,False,False,False,False,False,False,False,False,False,False,False,False,False,False,False,False,False,False,False,False,False,False,False,False,False,False,False,False,False,False,False,False,False,False,False,False,False,False,False,False,False,False,False,False,False,False,False,False,False,False,False,False,False,True,False,False,False,False,False,False,False,False,False,False,False,False,False,False
533,5.495092936839203,5.495092936839203,5.070612611484283,4.3041884691757115,4.003180030350011,0.0,0,5.870990732788502,5.19850744639844,5.003141227270669,4.781295352075383,5.003141227270669,0.0,0.0,0.0,0,0.0,0,0,0,False,False,False,False,False,False,False,False,False,False,False,False,False,False,False,False,False,False,False,False,False,False,False,False,False,False,False,False,False,False,False,False,False,False,False,False,False,False,False,False,False,False,False,False,False,False,False,False,False,False,False,False,False,False,False,False,False,False,False,False,False,False,False,False,False,False,False,False,False,False,False,False,False,False,False,False,False,False,False,False,False,False,False,False,False,False,False,False,False,False,False,False,False,False,False,False,False,True,False,False,False,False,False,False,False,False,False,False,False,False
534,8.73103396194212,8.73103396194212,8.43000396708491,8.174296951501328,0.0,0.0,0,9.128973970130096,8.907125220728878,9.128973970130096,0.0,0.0,0.0,0.0,0.0,0,0.0,0,0,0,False,False,False,False,False,False,False,False,False,False,False,False,False,False,False,False,False,False,False,False,False,False,False,False,False,False,False,False,False,False,False,False,False,False,False,False,False,False,False,False,False,False,False,False,False,False,False,False,False,False,False,False,False,False,False,False,False,False,False,False,False,False,False,False,False,False,False,False,False,False,False,False,False,False,False,False,False,False,False,False,False,False,False,False,False,False,False,False,False,False,False,False,False,False,False,False,False,False,False,False,True,False,False,False,False,False,False,False,False,False
535,8.73103396194212,8.73103396194212,8.43000396708491,8.174296951501328,0.0,0.0,0,9.128973970130096,8.907125220728878,9.128973970130096,0.0,0.0,0.0,0.0,0.0,0,0.0,0,0,0,False,False,False,False,False,False,False,False,False,False,False,False,False,False,False,False,False,False,False,False,False,False,False,False,False,False,False,False,False,False,False,False,False,False,False,False,False,False,False,False,False,False,False,False,False,False,False,False,False,False,False,False,False,False,False,False,False,False,False,False,False,False,False,False,False,False,False,False,False,False,False,False,False,False,False,False,False,False,False,False,False,False,False,False,False,False,False,False,False,False,False,False,False,False,False,False,False,False,False,False,False,True,False,False,False,False,False,False,False,False
536,9.068618686516023,9.068618686516023,8.674780507630066,8.674780507630066,0.0,0.0,0,9.449516262214757,9.1519017617375,9.16530130586047,0.0,0.0,0.0,0.0,0.0,0,0.0,0,0,0,False,False,False,False,False,False,False,False,False,False,False,False,False,False,False,False,False,False,False,False,False,False,False,False,False,False,False,False,False,False,False,False,False,False,False,False,False,False,False,False,False,False,False,False,False,False,False,False,False,False,False,False,False,False,False,False,False,False,False,False,False,False,False,False,False,False,False,False,False,False,False,False,False,False,False,False,False,False,False,False,False,False,False,False,False,False,False,False,False,False,False,False,False,False,False,False,False,False,False,False,False,False,True,False,False,False,False,False,False,False
537,9.068618686516023,9.068618686516023,8.674780507630066,8.674780507630066,0.0,0.0,0,9.449516262214757,9.1519017617375,9.16530130586047,0.0,0.0,0.0,0.0,0.0,0,0.0,0,0,0,False,False,False,False,False,False,False,False,False,False,False,False,False,False,False,False,False,False,False,False,False,False,False,False,False,False,False,False,False,False,False,False,False,False,False,False,False,False,False,False,False,False,False,False,False,False,False,False,False,False,False,False,False,False,False,False,False,False,False,False,False,False,False,False,False,False,False,False,False,False,False,False,False,False,False,False,False,False,False,False,False,False,False,False,False,False,False,False,False,False,False,False,False,False,False,False,False,False,False,False,False,False,False,True,False,False,False,False,False,False
538,6.361083440670754,6.361083440670754,6.066866310484065,6.066866310484065,0.0,0.0,0,6.760394448447643,6.543987316989389,6.760394448447643,0.0,0.0,0.0,0.0,0.0,0,0.0,0,0,0,False,False,False,False,False,False,False,False,False,False,False,False,False,False,False,False,False,False,False,False,False,False,False,False,False,False,False,False,False,False,False,False,False,False,False,False,False,False,False,False,False,False,False,False,False,False,False,False,False,False,False,False,False,False,False,False,False,False,False,False,False,False,False,False,False,False,False,False,False,False,False,False,False,False,False,False,False,False,False,False,False,False,False,False,False,False,False,False,False,False,False,False,False,False,False,False,False,False,False,False,False,False,False,False,False,True,False,False,False,False
539,6.754959469080199,6.754959469080199,6.45605852186445,6.45605852186445,0.0,0.0,0,7.153326062219696,6.933179675278249,7.152899431940567,0.0,0.0,0.0,0.0,0.0,0,0.0,0,0,0,False,False,False,False,False,False,False,False,False,False,False,False,False,False,False,False,False,False,False,False,False,False,False,False,False,False,False,False,False,False,False,False,False,False,False,False,False,False,False,False,False,False,False,False,False,False,False,False,False,False,False,False,False,False,False,False,False,False,False,False,False,False,False,False,False,False,False,False,False,False,False,False,False,False,False,False,False,False,False,False,False,False,False,False,False,False,False,False,False,False,False,False,False,False,False,False,False,False,False,False,False,False,False,False,False,True,False,False,False,False
546,5.917665361909951,5.717116898472486,5.120308589806663,5.019379361542031,4.586633782495328,0.0,0,5.9318189273567175,5.5663197067097085,5.718346043136225,5.285594786779406,5.285594786779406,0.0,0.0,0.0,0,0.0,0,0,0,False,False,True,False,False,False,False,False,False,False,False,False,False,False,False,False,False,False,False,False,False,False,False,False,False,False,False,False,False,False,False,False,False,False,False,False,False,False,False,False,False,False,False,False,False,False,False,False,False,False,False,False,False,False,False,False,False,False,False,False,False,False,False,False,False,False,False,False,False,False,False,False,False,False,False,False,False,False,False,False,False,False,False,False,False,False,False,False,False,False,False,False,False,False,False,False,False,False,False,False,False,False,False,False,False,False,False,False,False,False
550,5.270707087069454,5.1066778608160455,4.021418251644922,3.9670986082568764,3.9670986082568764,0.0,0,5.228482620264392,4.481148364312923,4.666031133037561,4.444188630238381,4.666031133037561,0.0,3.9670986082568764,0.0,0,0.0,0,0,0,False,False,False,False,False,False,False,False,False,False,False,False,False,False,False,False,False,False,False,False,False,False,False,False,False,False,False,False,False,False,False,False,False,False,True,False,False,False,False,False,False,False,False,False,False,False,False,False,False,False,False,False,False,False,False,False,False,False,False,False,False,False,False,False,False,False,False,False,False,False,False,False,False,False,False,False,False,False,False,False,False,False,False,False,False,False,False,False,False,False,False,False,False,False,False,False,False,False,False,False,False,False,False,False,False,False,False,False,False,False
553,5.342649425115021,5.094345891139358,4.6243480245323,4.167921630967416,4.167921630967416,0.0,0,5.3466813204931105,4.995333503146614,4.8668680324522215,4.645023216733483,4.8668680324522215,0.0,4.167921630967416,0.0,0,0.0,0,0,0,False,False,False,False,False,False,False,False,False,False,False,False,False,False,False,False,False,False,False,False,False,False,False,False,False,False,False,False,False,False,False,False,False,False,False,False,False,False,False,False,False,False,False,False,False,False,False,False,False,False,False,False,False,False,False,False,False,False,False,False,False,False,False,False,False,False,False,False,False,False,False,False,False,False,False,False,False,False,False,False,False,False,False,False,False,False,False,False,False,False,False,False,True,False,False,False,False,False,False,False,False,False,False,False,False,False,False,False,False,False
585,5.178961119691706,5.043369740260275,4.470067831214012,3.9670986082568764,3.9670986082568764,0.0,0,5.322272856625666,4.83443219324471,4.666031133037561,4.444188630238381,4.666031133037561,0.0,3.9670986082568764,0.0,0,0.0,0,0,0,False,False,False,False,False,False,False,False,False,False,False,False,False,False,False,False,False,False,False,False,False,False,False,False,False,False,False,False,False,False,False,False,False,False,False,False,False,False,False,False,False,False,False,False,False,False,False,False,False,False,False,False,False,False,False,False,False,False,False,False,False,False,False,False,False,False,False,False,False,False,False,True,False,False,False,False,False,False,False,False,False,False,False,False,False,False,False,False,False,False,False,False,False,False,False,False,False,False,False,False,False,False,False,False,False,False,False,False,False,False
600,5.317274850729867,5.183292005680202,4.6261137278440625,4.167921630967416,4.167921630967416,0.0,0,5.465645386692893,4.99683696858781,4.8668680324522215,4.645023216733483,4.8668680324522215,0.0,4.167921630967416,0.0,0,0.0,0,0,0,False,False,False,False,False,False,False,False,False,False,False,False,False,False,False,False,False,False,False,False,False,False,False,False,False,False,False,False,False,False,False,False,False,False,False,False,True,False,False,False,False,False,False,False,False,False,False,False,False,False,False,False,False,False,False,False,False,False,False,False,False,False,False,False,False,False,False,False,False,False,False,False,False,False,False,False,False,False,False,False,False,False,False,False,False,False,False,False,False,False,False,False,False,False,False,False,False,False,False,False,False,False,False,False,False,False,False,False,False,False
604,5.910115551582471,5.735792696768948,5.057500243245055,4.952808151728824,4.513557806581848,0.0,0,5.994579674066098,5.50244628500436,5.651774282881253,5.212517161599361,5.212517161599361,0.0,0.0,0.0,0,0.0,0,0,0,False,False,False,False,False,False,False,False,False,False,False,False,False,False,False,False,False,False,False,False,False,False,False,False,False,False,False,False,False,False,False,False,False,False,False,False,False,False,False,False,False,False,False,False,False,False,False,False,False,False,False,False,False,False,False,False,False,True,False,False,False,False,False,False,False,False,False,False,False,False,False,False,False,False,False,False,False,False,False,False,False,False,False,False,False,False,False,False,False,False,False,False,False,False,False,False,False,False,False,False,False,False,False,False,False,False,False,False,False,False
606,5.735933036200285,5.530962808008525,4.897148500051807,4.7824744715048855,4.3251925454966145,0.0,0,5.735575540336096,5.3393008295747295,5.481438742566961,5.024146117849943,5.024146117849943,0.0,0.0,0.0,0,0.0,0,0,0,False,False,True,False,False,False,False,False,False,False,False,False,False,False,False,False,False,False,False,False,False,False,False,False,False,False,False,False,False,False,False,False,False,False,False,False,False,False,False,False,False,False,False,False,False,False,False,False,False,False,False,False,False,False,False,False,False,False,False,False,False,False,False,False,False,False,False,False,False,False,False,False,False,False,False,False,False,False,False,False,False,False,False,False,False,False,False,False,False,False,False,False,False,False,False,False,False,False,False,False,False,False,False,False,False,False,False,False,False,False
619,5.998992777474495,5.791935450382398,5.218398064294512,5.1231709160613885,4.699996880625383,0.0,0,6.0110242652286985,5.6660357058852115,5.822138303994095,5.398959952604976,5.398959952604976,0.0,0.0,0.0,0,0.0,0,0,0,False,False,False,False,False,False,False,False,False,False,False,False,False,False,False,False,False,False,False,False,False,False,False,False,False,False,False,False,False,False,False,False,False,False,False,False,False,False,False,False,False,False,False,False,False,False,False,False,False,False,False,False,False,False,False,False,False,False,False,False,False,False,False,False,True,False,False,False,False,False,False,False,False,False,False,False,False,False,False,False,False,False,False,False,False,False,False,False,False,False,False,False,False,False,False,False,False,False,False,False,False,False,False,False,False,False,False,False,False,False
620,5.998992777474495,5.791935450382398,5.218398064294512,5.1231709160613885,4.699996880625383,0.0,0,6.0110242652286985,5.6660357058852115,5.822138303994095,5.398959952604976,5.398959952604976,0.0,0.0,0.0,0,0.0,0,0,0,False,False,False,False,False,False,False,False,False,False,False,False,False,False,False,False,False,False,False,False,False,False,False,False,False,False,False,False,False,False,False,False,False,False,False,False,False,False,False,False,False,False,False,False,False,False,False,False,False,False,False,False,False,False,False,False,False,False,False,False,False,False,False,False,False,False,False,False,False,False,False,False,False,False,False,False,False,False,False,False,False,False,False,False,False,False,False,False,False,False,True,False,False,False,False,False,False,False,False,False,False,False,False,False,False,False,False,False,False,False
